{
  "name": "Hibernate",
  "about": "<p>Hibernate is an open source Java persistence framework that lets Java applications connect to and work with a relational database using Object Relational Mapping. The Hibernate framework implements the Java Persistance API (JPA) which is the standard specification for object-relational mapping.</p><p>The courses on this page cover various concepts and features of ORM, JPA and Hibernate.</p>",
  "courses": [{
      "id": "01",
      "code": "hibernate_intro",
      "name": "Introduction to Hibernate",
      "details": "<p>This course provides an introduction to the Hibernate ORM framework. You will understand the concept of Object Relational Mapping (ORM). You will learn to use Hibernate to write Java applications that connect to a relational database. You will also learn various JPA annotations that let you map an classes to relational models.</p>",
      "tutorials": [

    
{"id": "1","name": "Introduction To Hibernate","href": "/tutorials/hibernate_intro/Introduction-To-Hibernate.html"},

{"id": "2","name": "Setting Up Hibernate","href": "/tutorials/hibernate_intro/Hibernate-Tutorial-02---Setting-Up-Hibernate.html"},

{"id": "3","name": "Writing a Hibernate Application","href": "/tutorials/hibernate_intro/Hibernate-Tutorial-03-Part-1--Writing-a-Hibernate-Application.html"},

{"id": "4","name": "Writing the Model Class with Annotations","href": "/tutorials/hibernate_intro/Hibernate-Tutorial-03-Part-2--Writing-the-Model-Class-with-Annotations.html"},

{"id": "5","name": "Saving Objects using Hibernate APIs","href": "/tutorials/hibernate_intro/Hibernate-Tutorial-03-Part-3--Saving-Objects-using-Hibernate-APIs.html"},

{"id": "6","name": "hbm2ddl Configuration and Name Annotations","href": "/tutorials/hibernate_intro/Hibernate-Tutorial-04---hbm2ddl-Configuration-and-Name-Annotations.html"},

{"id": "7","name": "More Annotations","href": "/tutorials/hibernate_intro/Hibernate-Tutorial-05---More-Annotations.html"},

{"id": "8","name": "Retrieving Objects using session.get","href": "/tutorials/hibernate_intro/Hibernate-Tutorial-06---Retrieving-Objects-using-session.get.html"},

{"id": "9","name": "Primary Keys","href": "/tutorials/hibernate_intro/Hibernate-Tutorial-07---Primary-Keys.html"},

{"id": "10","name": "Value Types and Embedding Objects","href": "/tutorials/hibernate_intro/Hibernate-Tutorial-08---Value-Types-and-Embedding-Objects.html"},

{"id": "11","name": "AttributeOverrides and Embedded Object Keys","href": "/tutorials/hibernate_intro/Hibernate-Tutorial-09---AttributeOverrides-and-Embedded-Object-Keys.html"},

{"id": "12","name": "Saving Collections","href": "/tutorials/hibernate_intro/Hibernate-Tutorial-10---Saving-Collections.html"},

{"id": "13","name": "Configuring Collections and Adding Keys","href": "/tutorials/hibernate_intro/Hibernate-Tutorial-11---Configuring-Collections-and-Adding-Keys.html"},

{"id": "14","name": "Proxy Objects and Eager and Lazy Fetch Types","href": "/tutorials/hibernate_intro/Hibernate-Tutorial-12---Proxy-Objects-and-Eager-and-Lazy-Fetch-Types.html"},

{"id": "15","name": "One To One Mapping","href": "/tutorials/hibernate_intro/Hibernate-Tutorial-13---One-To-One-Mapping.html"},

{"id": "16","name": "One To Many Mapping","href": "/tutorials/hibernate_intro/Hibernate-Tutorial-14---One-To-Many-Mapping.html"},

{"id": "17","name": "mappedBy and Many To Many Mapping","href": "/tutorials/hibernate_intro/Hibernate-Tutorial-15---mappedBy-and-Many-To-Many-Mapping.html"},

{"id": "18","name": "CascadeTypes and Other Things","href": "/tutorials/hibernate_intro/Hibernate-Tutorial-16---CascadeTypes-and-Other-Things.html"},

{"id": "19","name": "Implementing Inheritance","href": "/tutorials/hibernate_intro/Hibernate-Tutorial-17---Implementing-Inheritance.html"},

{"id": "20","name": "Single Table Strategy","href": "/tutorials/hibernate_intro/Hibernate-Tutorial-18---Implementing-Inheritance---Single-Table-Strategy.html"},

{"id": "21","name": "Implementing Inheritance With Table Per Class Strategy","href": "/tutorials/hibernate_intro/Hibernate-Tutorial-19---Implementing-Inheritance-With-Table-Per-Class-St....html"},

{"id": "22","name": "Implementing Inheritance With Joined Strategy","href": "/tutorials/hibernate_intro/Hibernate-Tutorial-20---Implementing-Inheritance-With-Joined-Strategy.html"}

        ]},
    {
      "id": "02",
      "code": "hibernate_run",
      "name": "Hibernate - APIs and Runtime",
      "details": "<p>This course explores the runtime aspects of Hibernate. You'll understand how to perform Create, Read, Update and Delete operations, implement Hibernate APIs, understand the life cycle of entities, write queries in HQL, the Hibernate Query Language and implement caching.</p>",
      "tutorials": [

    
{"id": "1","name": "CRUD Operations","href": "/tutorials/hibernate_run/Hibernate-Tutorial-21---CRUD-Operations.html"},

{"id": "2","name": "Transient, Persistent and Detached Objects","href": "/tutorials/hibernate_run/Hibernate-Tutorial-22---Transient,-Persistent-and-Detached-Objects.html"},

{"id": "3","name": "Understanding State Changes","href": "/tutorials/hibernate_run/Hibernate-Tutorial-23---Understanding-State-Changes.html"},

{"id": "4","name": "Persisting Detached Objects","href": "/tutorials/hibernate_run/Hibernate-Tutorial-24---Persisting-Detached-Objects.html"},

{"id": "5","name": "Introducing HQL and the Query Object","href": "/tutorials/hibernate_run/Hibernate-Tutorial-25---Introducing-HQL-and-the-Query-Object.html"},

{"id": "6","name": "Select and Pagination in HQL","href": "/tutorials/hibernate_run/Hibernate-Tutorial-26---Select-and-Pagination-in-HQL.html"},

{"id": "7","name": "Understanding Parameter Binding and SQL Injection","href": "/tutorials/hibernate_run/Hibernate-Tutorial-27---Understanding-Parameter-Binding-and-SQL-Injection.html"},

{"id": "8","name": "Named Queries","href": "/tutorials/hibernate_run/Hibernate-Tutorial-28---Named-Queries.html"},

{"id": "9","name": "Introduction to Criteria API","href": "/tutorials/hibernate_run/Hibernate-Tutorial-29---Introduction-to-Criteria-API.html"},

{"id": "10","name": "Understanding Restrictions","href": "/tutorials/hibernate_run/Hibernate-Tutorial-30---Understanding-Restrictions.html"},

{"id": "11","name": "Projections and Query By Example","href": "/tutorials/hibernate_run/Hibernate-Tutorial-31---Projections-and-Query-By-Example.html"},

{"id": "12","name": "Cacheing in Hibernate","href": "/tutorials/hibernate_run/Hibernate-Tutorial-32---Cacheing-in-Hibernate.html"},

{"id": "13","name": "Configuring Second Level Cache","href": "/tutorials/hibernate_run/Hibernate-Tutorial-33---Configuring-Second-Level-Cache.html"},

{"id": "14","name": "Using Query Cache","href": "/tutorials/hibernate_run/Hibernate-Tutorial-34---Using-Query-Cache.html"}

        ]

    }
    ]



}
