{
  "name": "Java EE",
  "about": "<p>Java EE is the platform for Enterprise Java. The EE stands for <b>Enterprise Edition</b> (as opposed to the <b>Standard Edition</b> Java SE, which primarily focuses on desktop and workstation applications). Java EE provides APIs that can be used for Java developers to implement features that Enterprise application typically need. And secondly, it provides a platform to run the applications on. Code written with Java EE APIs will run on any Java EE certified application server.</p><p>The courses on this page cover various technologies and APIs that can be used to write Enterprise Java applications. </p>",
  "courses": [{
      "id": "01",
      "code": "javaee_jaxws",
      "name": "SOAP Web Services with JAX-WS",
      "details": "<p>This course introduces you to SOAP Web Services using the JAX-WS standard specification. You will learn what SOAP web services are and how to write them. You will be writing a web service application, deploying, running and testing it on Glassfish. You will also learn to consume SOAP web services.</p>",
      "tutorials": [

    
{"id": "1","name": "Introduction to Web Services","href": "/tutorials/javaee_jaxws/Introduction-to-Web-Services.html"},

{"id": "2","name": "Web Service Jargon","href": "/tutorials/javaee_jaxws/Web-Service-Jargon.html"},

{"id": "3","name": "Writing a Web service Client - Stub generation","href": "/tutorials/javaee_jaxws/Writing-a-Web-service-Client:-Stub-generation.html"},

{"id": "4","name": "Writing a Web service Client - Calling the Service","href": "/tutorials/javaee_jaxws/Writing-a-Web-service-Client:-Calling-the-Service.html"},

{"id": "5","name": "Setting up Java EE 7 SDK","href": "/tutorials/javaee_jaxws/Setting-up-Java-EE-7-SDK.html"},

{"id": "6","name": "Writing a Web Service - Eclipse setup","href": "/tutorials/javaee_jaxws/Writing-a-Web-Service:-Eclipse-setup.html"},

{"id": "7","name": "Writing a Web Service - Code and Deploy","href": "/tutorials/javaee_jaxws/Writing-a-Web-Service:-Code-and-Deploy.html"},

{"id": "8","name": "Adding Input Arguments","href": "/tutorials/javaee_jaxws/Adding-Input-Arguments.html"},

{"id": "9","name": "Service First and Contract First Web Services","href": "/tutorials/javaee_jaxws/Service-First-and-Contract-First-Web-Services.html"},

{"id": "10","name": "Understanding the WSDL","href": "/tutorials/javaee_jaxws/Understanding-the-WSDL.html"},

{"id": "11","name": "Customizing the WSDL","href": "/tutorials/javaee_jaxws/Customizing-the-WSDL.html"},

{"id": "12","name": "Schema Types and Binding Styles","href": "/tutorials/javaee_jaxws/Schema-Types-and-Binding-Styles.html"},

{"id": "13","name": "Service Interface and Custom Types","href": "/tutorials/javaee_jaxws/Service-Interface-and-Custom-Types.html"},

{"id": "14","name": "Using JAXB Annotations Part 1","href": "/tutorials/javaee_jaxws/Using-JAXB-Annotations-Part-1.html"},

{"id": "15","name": "Using JAXB Annotations Part 2","href": "/tutorials/javaee_jaxws/Using-JAXB-Annotations---Part-2.html"},

{"id": "16","name": "Handling Faults","href": "/tutorials/javaee_jaxws/Handling-Faults.html"},

{"id": "17","name": "Using SoapUI","href": "/tutorials/javaee_jaxws/Using-SoapUI.html"},

{"id": "18","name": "Using Web Service Explorer","href": "/tutorials/javaee_jaxws/Using-Web-Service-explorer.html"},

{"id": "19","name": "Using Endpoint","href": "/tutorials/javaee_jaxws/Using-Endpoint.html"},

{"id": "20","name": "wsimport Revisited","href": "/tutorials/javaee_jaxws/wsimport-revisited.html"}

        ]},
        {
      "id": "02",
      "code": "javaee_jaxrs",
      "name": "Developing RESTful APIs with JAX-RS",
      "details": "<p>This course introduces you to RESTful Web Services using the JAX-RS standard specification. You will learn what RESTful web services are and how to write them. You will be writing a sample RESTful web service from scratch, design the APIs, implement it using Jersey and run it on Tomcat. </p>",
      "tutorials": [

    
{"id": "1","name": "Introduction","href": "/tutorials/javaee_jaxrs/Introduction.html"},

{"id": "2","name": "REST and HTTP","href": "/tutorials/javaee_jaxrs/REST-and-HTTP.html"},

{"id": "3","name": "Quiz","href": "/tutorials/javaee_jaxrs/quiz/Quiz-REST-and-HTTP.html"},

{"id": "4","name": "Coming Soon","href": "/tutorials/javaee_jaxrs/Coming-Soon.html"}

        ]}      

    ]



}
